id:ID,version,date_created,dbxref_id,description,is_analysis,is_obsolete,last_updated,md5checksum,name,sequence_length,status_id,symbol,unique_name,class:LABEL,alternate_cv_term,class_name,custom_alternate_cv_term,custom_class_name,custom_cv_term,custom_ontology_id,cv_term,meta_data,ontology_id,analysis_feature_id,alteration_residue,deletion_length
8648,1,2016-11-30 17:14:00.941,,,f,f,2016-11-30 17:14:01.45,,YAL001C-00001,,,,e2a210b2-1370-4e1f-9bea-0e74d88cb88a,MRNA,,,,,,,,,,,,
8650,1,2016-11-30 17:14:00.914,,,f,f,2016-11-30 17:14:01.451,,2a1d17c4-409a-46b5-b3d0-d9fd5e96ace8-exon,,,,074fa654-7049-4151-8133-65514ab702f9,Exon,,,,,,,,,,,,
8653,1,2016-11-30 17:14:00.933,,,f,f,2016-11-30 17:14:01.452,,c11ad73c-a9ae-4146-828b-a2b4521497f6-CDS,,,,5b44a32c-e8b1-42c4-9655-9b1ee932a894,CDS,,,,,,,,,,,,
8658,1,2016-11-30 17:14:01.593,,,f,f,2016-11-30 17:14:01.669,,YAR042W-00001,,,,2cdb52c4-778a-4c88-ade6-e9448a2543ca,MRNA,,,,,,,,,,,,
8660,1,2016-11-30 17:14:01.584,,,f,f,2016-11-30 17:14:01.67,,037be3af-1b7a-491f-8e1a-257fc2b2d4ad-exon,,,,d1d2c37c-3edc-49a4-8c63-fa01e476ebc3,Exon,,,,,,,,,,,,
8663,1,2016-11-30 17:14:01.59,,,f,f,2016-11-30 17:14:01.671,,54fdd326-536d-4adc-9ab6-4a31820700b7-CDS,,,,9048a0d1-f115-4248-879f-b9ed774741ec,CDS,,,,,,,,,,,,
8625,1,2016-11-30 09:12:04.94,,,f,f,2016-11-30 09:12:05.51,,2a1d17c4-409a-46b5-b3d0-d9fd5e96ace8-exon,,,,1c6cf604-37d1-44f2-a1bd-ddb77f6c7786,Exon,,,,,,,,,,,,
8628,1,2016-11-30 09:12:04.965,,,f,f,2016-11-30 09:12:05.512,,c11ad73c-a9ae-4146-828b-a2b4521497f6-CDS,,,,b8f14527-c67f-437c-87fd-fef915edb6d3,CDS,,,,,,,,,,,,
8637,1,2016-11-30 09:12:05.672,,,f,f,2016-11-30 09:12:05.769,,037be3af-1b7a-491f-8e1a-257fc2b2d4ad-exon,,,,31f575e2-90fb-46c8-b40a-7acee3d9773a,Exon,,,,,,,,,,,,
8640,1,2016-11-30 09:12:05.689,,,f,f,2016-11-30 09:12:05.771,,54fdd326-536d-4adc-9ab6-4a31820700b7-CDS,,,,620374b9-c4a9-4cf0-afd7-3cce140a5664,CDS,,,,,,,,,,,,
8635,2,2016-11-30 09:12:05.696,,,f,f,2016-11-30 09:12:05.789,,YAR042W-00002,,,,1925f441-f2fc-4e22-b710-b8de9c0f6d2f,MRNA,,,,,,,,,,,,
9077,2,2016-12-02 09:42:43.426,,,f,f,2016-12-02 09:42:43.478,,6cdf1f1b-abb7-425f-8e7f-dbfd3424b5b1-CDS,,,,6cdf1f1b-abb7-425f-8e7f-dbfd3424b5b1-CDS,CDS,,,,,,,,,,,,
9042,1,2016-12-02 09:11:42.281,,,f,f,2016-12-02 09:11:42.321,,YAL018Ca-repeat_region,,,,b587a0ce-0388-4044-aaa3-2febb957672b,RepeatRegion,,,,,,,,,,,,
10332,1,2016-12-15 14:33:47.897,,,f,f,2016-12-15 14:33:48.158,,a3dbbeb1-99b4-4162-a280-d79a371e39fa-exon,,,,a3dbbeb1-99b4-4162-a280-d79a371e39fa,Exon,,,,,,,,,,,,
9045,1,2016-12-02 09:11:45.317,,,f,f,2016-12-02 09:11:45.323,,YAL019Wa-transposable_element,,,,022075f8-61be-4d88-b89c-11c155c358f0,TransposableElement,,,,,,,,,,,,
8994,1,2016-12-01 10:57:54.269,,,f,f,2016-12-01 10:57:54.304,,b22828b1-87ba-49e5-805c-574a6d331f80-exon,,,,b22828b1-87ba-49e5-805c-574a6d331f80,Exon,,,,,,,,,,,,
9069,2,2016-12-02 09:42:43.393,,,f,f,2016-12-02 09:42:43.544,,YAL023C,,,,df96a91e-454b-4548-ab8f-ff2dd7212d24,Gene,,,,,,,,,,,,
8998,2,2016-12-01 10:57:54.299,,,f,f,2016-12-01 10:57:54.326,,069cf75d-74be-4153-a571-da197fa9005f-CDS,,,,069cf75d-74be-4153-a571-da197fa9005f-CDS,CDS,,,,,,,,,,,,
9071,4,2016-12-02 09:42:43.386,,,f,f,2016-12-02 09:42:43.545,,YAL023C-00001,,,,6cdf1f1b-abb7-425f-8e7f-dbfd3424b5b1,MRNA,,,,,,,,,,,,
8992,4,2016-12-01 10:57:54.273,,,f,f,2016-12-01 10:57:54.383,,YAL022C-00001,,,,069cf75d-74be-4153-a571-da197fa9005f,MRNA,,,,,,,,,,,,
9073,1,2016-12-02 09:42:43.377,,,f,f,2016-12-02 09:42:43.445,,b31f6214-0335-431e-a550-230c4c08d704-exon,,,,b31f6214-0335-431e-a550-230c4c08d704,Exon,,,,,,,,,,,,
10336,2,2016-12-15 14:33:48.137,,,f,f,2016-12-15 14:33:48.197,,32b55444-874d-4d8c-95dd-ae7312b370c4-CDS,,,,32b55444-874d-4d8c-95dd-ae7312b370c4-CDS,CDS,,,,,,,,,,,,
10330,4,2016-12-15 14:33:47.909,,,f,f,2016-12-15 14:33:48.42,,YAL021C-00001,,,,32b55444-874d-4d8c-95dd-ae7312b370c4,MRNA,,,,,,,,,,,,
9840,2,2016-12-05 09:33:02.681,,,f,f,2016-12-05 09:33:02.715,,8a393f63-69a1-480f-ba25-3a7e17d322bd-CDS,,,,8a393f63-69a1-480f-ba25-3a7e17d322bd-CDS,CDS,,,,,,,,,,,,
9836,1,2016-12-05 09:33:02.654,,,f,f,2016-12-05 09:33:02.688,,1a9e8fea-c536-45d9-b559-0dbb6c52bc3b-exon,,,,1a9e8fea-c536-45d9-b559-0dbb6c52bc3b,Exon,,,,,,,,,,,,
9832,2,2016-12-05 09:33:02.66,,,f,f,2016-12-05 09:33:02.73,,YBR271W,,,,5a3e8557-a6ae-4230-ae48-62fbf7dea4ae,Gene,,,,,,,,,,,,
9834,4,2016-12-05 09:33:02.657,,,f,f,2016-12-05 09:33:02.731,,YBR271W-00001,,,,8a393f63-69a1-480f-ba25-3a7e17d322bd,MRNA,,,,,,,,,,,,
16127,1,2016-12-19 16:31:22.951,,,f,f,2016-12-19 16:31:23.024,,f37d1cac-f6ac-44ff-acef-b638737d239d-exon,,,,f37d1cac-f6ac-44ff-acef-b638737d239d,Exon,,,,,,,,,,,,
16130,1,2016-12-19 16:31:22.953,,,f,f,2016-12-19 16:31:23.025,,bff2bcfc-6f26-4511-93a3-adfde4f99979-exon,,,,bff2bcfc-6f26-4511-93a3-adfde4f99979,Exon,,,,,,,,,,,,
16133,1,2016-12-19 16:31:22.955,,,f,f,2016-12-19 16:31:23.025,,fd37f10f-d024-45d3-9d7c-c4ef79328db6-exon,,,,fd37f10f-d024-45d3-9d7c-c4ef79328db6,Exon,,,,,,,,,,,,
16136,1,2016-12-19 16:31:22.958,,,f,f,2016-12-19 16:31:23.025,,3a1d689d-88d4-45f2-aafe-2ed48548f767-exon,,,,3a1d689d-88d4-45f2-aafe-2ed48548f767,Exon,,,,,,,,,,,,
16139,1,2016-12-19 16:31:22.96,,,f,f,2016-12-19 16:31:23.026,,f54f3f49-54ea-4686-9ae6-4cfdf6254e4d-exon,,,,f54f3f49-54ea-4686-9ae6-4cfdf6254e4d,Exon,,,,,,,,,,,,
16142,1,2016-12-19 16:31:22.962,,,f,f,2016-12-19 16:31:23.026,,e164c85f-9ab4-45fe-9dd5-e08b187f8b19-exon,,,,e164c85f-9ab4-45fe-9dd5-e08b187f8b19,Exon,,,,,,,,,,,,
16145,1,2016-12-19 16:31:22.965,,,f,f,2016-12-19 16:31:23.027,,88d78091-73d1-4e12-ad62-e107df6d326d-CDS,,,,88d78091-73d1-4e12-ad62-e107df6d326d,CDS,,,,,,,,,,,,
16114,2,2016-12-19 16:31:22.967,,,f,f,2016-12-19 16:31:23.029,,GB47675-RA,,,,eed195a2-abad-4453-a5d8-dd8fb01e359c,Gene,,,,,,,,,,,,
16118,1,2016-12-19 16:31:22.941,,,f,f,2016-12-19 16:31:23.023,,070588ae-04d2-47d1-9f07-768d52541654-exon,,,,070588ae-04d2-47d1-9f07-768d52541654,Exon,,,,,,,,,,,,
16121,1,2016-12-19 16:31:22.944,,,f,f,2016-12-19 16:31:23.023,,49cbc598-a5b7-4407-818d-549687cfebc7-exon,,,,49cbc598-a5b7-4407-818d-549687cfebc7,Exon,,,,,,,,,,,,
16124,1,2016-12-19 16:31:22.947,,,f,f,2016-12-19 16:31:23.024,,689ea583-6722-4f13-8c74-ada2ccf78f6e-exon,,,,689ea583-6722-4f13-8c74-ada2ccf78f6e,Exon,,,,,,,,,,,,
16116,2,2016-12-19 16:31:22.966,,,f,f,2016-12-19 16:31:23.03,,GB47675-RA-00001,,,,370c20b2-2501-4731-a4a9-e910eccead94,MRNA,,,,,,,,,,,,
16160,1,2016-12-19 16:31:34.325,,,f,f,2016-12-19 16:31:34.375,,f99ee4cd-2166-4197-8a42-227ea3859ff9-exon,,,,f99ee4cd-2166-4197-8a42-227ea3859ff9,Exon,,,,,,,,,,,,
16163,1,2016-12-19 16:31:34.328,,,f,f,2016-12-19 16:31:34.376,,645dbdc0-afe8-43c8-9b97-2ec4de6d7070-exon,,,,645dbdc0-afe8-43c8-9b97-2ec4de6d7070,Exon,,,,,,,,,,,,
16166,1,2016-12-19 16:31:34.331,,,f,f,2016-12-19 16:31:34.376,,d30482b0-a3ef-4b79-a3fa-9e1874fa6a04-CDS,,,,d30482b0-a3ef-4b79-a3fa-9e1874fa6a04,CDS,,,,,,,,,,,,
16150,2,2016-12-19 16:31:34.332,,,f,f,2016-12-19 16:31:34.378,,GB47678-RA,,,,ecabf5e7-53c5-4670-9b4b-f990364fc3ef,Gene,,,,,,,,,,,,
16152,2,2016-12-19 16:31:34.331,,,f,f,2016-12-19 16:31:34.379,,GB47678-RA-00001,,,,fca75b54-d91e-4acb-961d-3fce237d69fd,MRNA,,,,,,,,,,,,
16154,1,2016-12-19 16:31:34.32,,,f,f,2016-12-19 16:31:34.374,,69ad6d14-f149-4b84-bf33-6b444484d970-exon,,,,69ad6d14-f149-4b84-bf33-6b444484d970,Exon,,,,,,,,,,,,
16157,1,2016-12-19 16:31:34.323,,,f,f,2016-12-19 16:31:34.375,,559b3f7b-d48e-4a55-94ed-3d9963454000-exon,,,,559b3f7b-d48e-4a55-94ed-3d9963454000,Exon,,,,,,,,,,,,
16102,1,2016-12-19 16:17:21.724,,,f,f,2016-12-19 16:17:21.82,,2fa62ef9-6689-4fdb-a7cc-26653d69ace4-exon,,,,2fa62ef9-6689-4fdb-a7cc-26653d69ace4,Exon,,,,,,,,,,,,
16105,1,2016-12-19 16:17:21.728,,,f,f,2016-12-19 16:17:21.821,,3b1eb3d2-4d3e-4f8a-b3c5-6728a1f94b0b-CDS,,,,3b1eb3d2-4d3e-4f8a-b3c5-6728a1f94b0b,CDS,,,,,,,,,,,,
16072,1,2016-12-19 16:17:21.69,,,f,f,2016-12-19 16:17:21.816,,20a18f46-eefa-4b7d-ac7c-acbecba763ea-exon,,,,20a18f46-eefa-4b7d-ac7c-acbecba763ea,Exon,,,,,,,,,,,,
16075,1,2016-12-19 16:17:21.695,,,f,f,2016-12-19 16:17:21.816,,dd2e3216-692f-49c4-92d8-07c728b7dc5a-exon,,,,dd2e3216-692f-49c4-92d8-07c728b7dc5a,Exon,,,,,,,,,,,,
16078,1,2016-12-19 16:17:21.698,,,f,f,2016-12-19 16:17:21.817,,fc0a6bf4-14e2-42d3-bd5d-2370316c0eaf-exon,,,,fc0a6bf4-14e2-42d3-bd5d-2370316c0eaf,Exon,,,,,,,,,,,,
16081,1,2016-12-19 16:17:21.701,,,f,f,2016-12-19 16:17:21.817,,659139b9-b186-46d0-a565-94c7f55eea4e-exon,,,,659139b9-b186-46d0-a565-94c7f55eea4e,Exon,,,,,,,,,,,,
16084,1,2016-12-19 16:17:21.704,,,f,f,2016-12-19 16:17:21.818,,d1e6cc81-3c1b-41da-8288-d77289d432e5-exon,,,,d1e6cc81-3c1b-41da-8288-d77289d432e5,Exon,,,,,,,,,,,,
16087,1,2016-12-19 16:17:21.707,,,f,f,2016-12-19 16:17:21.818,,8fa7c7ed-02db-436e-bec9-4f4e633c8979-exon,,,,8fa7c7ed-02db-436e-bec9-4f4e633c8979,Exon,,,,,,,,,,,,
16090,1,2016-12-19 16:17:21.71,,,f,f,2016-12-19 16:17:21.818,,98b38e1c-f8a8-410b-8994-9015386bc65c-exon,,,,98b38e1c-f8a8-410b-8994-9015386bc65c,Exon,,,,,,,,,,,,
16093,1,2016-12-19 16:17:21.713,,,f,f,2016-12-19 16:17:21.819,,6c0b42b6-2c79-490c-970f-78e2a8e5c42e-exon,,,,6c0b42b6-2c79-490c-970f-78e2a8e5c42e,Exon,,,,,,,,,,,,
16096,1,2016-12-19 16:17:21.716,,,f,f,2016-12-19 16:17:21.819,,6932de5d-c31c-4d94-8c09-38cb75999d4a-exon,,,,6932de5d-c31c-4d94-8c09-38cb75999d4a,Exon,,,,,,,,,,,,
16099,1,2016-12-19 16:17:21.72,,,f,f,2016-12-19 16:17:21.82,,2be72eaa-c98c-4b8d-a490-77edd5c0c06e-exon,,,,2be72eaa-c98c-4b8d-a490-77edd5c0c06e,Exon,,,,,,,,,,,,
16068,2,2016-12-19 16:17:21.731,,,f,f,2016-12-19 16:17:21.824,,GB47669-RA,,,,3b29373c-3e6d-4630-b1ce-bd5d2d58bacd,Gene,,,,,,,,,,,,
16070,2,2016-12-19 16:17:21.729,,,f,f,2016-12-19 16:17:21.824,,GB47669-RA-00001,,,,3261e41c-b213-42e5-8aae-fc6e1508f421,MRNA,,,,,,,,,,,,
16204,1,2016-12-22 17:35:43.885,,,f,f,2016-12-22 17:35:44.305,,d44bf67f-3ec5-4a25-9943-b6722980c3b4-exon,,,,d44bf67f-3ec5-4a25-9943-b6722980c3b4,Exon,,,,,,,,,,,,
16207,1,2016-12-22 17:35:43.898,,,f,f,2016-12-22 17:35:44.306,,b1f76309-769b-48dc-b117-82e666425ce7-exon,,,,b1f76309-769b-48dc-b117-82e666425ce7,Exon,,,,,,,,,,,,
16210,1,2016-12-22 17:35:43.907,,,f,f,2016-12-22 17:35:44.306,,096302b3-6f15-4b09-bea0-e18f6b619ecc-exon,,,,096302b3-6f15-4b09-bea0-e18f6b619ecc,Exon,,,,,,,,,,,,
16213,1,2016-12-22 17:35:43.916,,,f,f,2016-12-22 17:35:44.307,,33fc2212-2516-44c7-aced-0dafafa8025c-CDS,,,,33fc2212-2516-44c7-aced-0dafafa8025c,CDS,,,,,,,,,,,,
16200,2,2016-12-22 17:35:43.924,,,f,f,2016-12-22 17:35:44.318,,GB47717-RA,,,,5704c37c-41e1-44f2-ba5a-c89203290390,Gene,,,,,,,,,,,,
16202,2,2016-12-22 17:35:43.92,,,f,f,2016-12-22 17:35:44.319,,GB47717-RA-00001,,,,d857b72f-3bbd-466f-a68f-83c6bc0ab886,MRNA,,,,,,,,,,,,
8623,3,2016-11-30 09:12:04.973,,,f,f,2017-01-11 19:37:07.939,,YAL001C-00002,,16315,,5d73b928-7dc5-475b-8735-214cc46ae6a0,MRNA,,,,,,,,,,,,
16333,5,2017-01-11 19:50:28.643,,,f,f,2017-01-11 19:51:31.869,,YAR042W,,,,56bf09f9-ed46-40a4-8148-b6a6355979b4,Gene,,,,,,,,,,,,
16337,1,2017-01-11 19:50:28.625,,,f,f,2017-01-11 19:50:29.083,,037be3af-1b7a-491f-8e1a-257fc2b2d4ad-exon,,,,ff956938-9145-49fe-8e91-6a6b30e80ee3,Exon,,,,,,,,,,,,
16340,1,2017-01-11 19:50:28.637,,,f,f,2017-01-11 19:50:29.083,,54fdd326-536d-4adc-9ab6-4a31820700b7-CDS,,,,68881050-077c-46ac-8f80-312ca6c3e1df,CDS,,,,,,,,,,,,
16476,2,2017-01-11 19:51:32.089,,,f,f,2017-01-11 19:51:32.107,,YAL023Ca-00001,,,,4281104b-3d1c-4ed7-88e2-7c7b97e719d3,MRNA,,,,,,,,,,,,
16335,2,2017-01-11 19:50:28.64,,,f,f,2017-01-11 19:50:29.094,,YAR042W-00002,,,,234e3ba4-d4fb-4dbf-8b98-ec256e14261c,MRNA,,,,,,,,,,,,
16516,1,2017-01-11 19:51:41.904,,,f,f,2017-01-11 19:51:41.928,,YAL001C-00004,,,,2d61d933-7e3b-4936-b462-785d1eb9e630,MRNA,,,,,,,,,,,,
16518,1,2017-01-11 19:51:41.9,,,f,f,2017-01-11 19:51:41.928,,2a1d17c4-409a-46b5-b3d0-d9fd5e96ace8-exon,,,,03f95664-db1f-46a7-a46c-bdda836c64f3,Exon,,,,,,,,,,,,
16521,1,2017-01-11 19:51:41.903,,,f,f,2017-01-11 19:51:41.929,,c11ad73c-a9ae-4146-828b-a2b4521497f6-CDS,,,,e2172807-2d95-40d7-8a99-5e9e2d4798d8,CDS,,,,,,,,,,,,
16345,1,2017-01-11 19:50:29.17,,,f,f,2017-01-11 19:50:29.286,,YAR042W-00003,,,,9a4a8c06-5556-48d6-87cb-fdc70bcbfa04,MRNA,,,,,,,,,,,,
16347,1,2017-01-11 19:50:29.165,,,f,f,2017-01-11 19:50:29.287,,037be3af-1b7a-491f-8e1a-257fc2b2d4ad-exon,,,,9b259fd3-06a7-4753-8333-45aabd140b8a,Exon,,,,,,,,,,,,
16350,1,2017-01-11 19:50:29.169,,,f,f,2017-01-11 19:50:29.287,,54fdd326-536d-4adc-9ab6-4a31820700b7-CDS,,,,d10f1be2-990d-4a9e-9433-808a527c85fe,CDS,,,,,,,,,,,,
16377,3,2017-01-11 19:50:29.437,,,f,f,2017-01-11 19:51:32.01,,YAL021C,,,,2bdd4505-81ed-419f-9d9c-af8dae479b23,Gene,,,,,,,,,,,,
18197,1,2017-01-27 11:31:35.324,,,f,f,2017-01-27 11:31:35.485,,14b0f969-52b4-4e0c-baca-877ed6251381,,,,14b0f969-52b4-4e0c-baca-877ed6251381,Exon,,,,,,,,,,,,
16369,1,2017-01-11 19:50:29.371,,,f,f,2017-01-11 19:50:29.407,,2a1d17c4-409a-46b5-b3d0-d9fd5e96ace8-exon,,,,7d3acbd0-7a78-4759-9701-3f13c28a4303,Exon,,,,,,,,,,,,
16372,1,2017-01-11 19:50:29.374,,,f,f,2017-01-11 19:50:29.408,,c11ad73c-a9ae-4146-828b-a2b4521497f6-CDS,,,,bbc6358c-28da-4abe-81ac-8143d70fe47d,CDS,,,,,,,,,,,,
16389,3,2017-01-11 19:50:29.493,,,f,f,2017-01-11 19:51:32.055,,YAL022C,,,,8a438cdc-9150-4e87-bad9-d4d59550a835,Gene,,,,,,,,,,,,
18200,1,2017-01-27 11:31:35.337,,,f,f,2017-01-27 11:31:35.486,,519221f2-4ec4-42a7-85f0-5fb45e305d97,,,,519221f2-4ec4-42a7-85f0-5fb45e305d97,Exon,,,,,,,,,,,,
16381,1,2017-01-11 19:50:29.43,,,f,f,2017-01-11 19:50:29.465,,a3dbbeb1-99b4-4162-a280-d79a371e39fa-exon,,,,242d0c3d-d4dd-422c-b921-cae33dda2c75,Exon,,,,,,,,,,,,
16384,1,2017-01-11 19:50:29.434,,,f,f,2017-01-11 19:50:29.466,,32b55444-874d-4d8c-95dd-ae7312b370c4-CDS,,,,249fb3ed-5c56-46a3-8acc-b6580e9fbe93,CDS,,,,,,,,,,,,
18203,1,2017-01-27 11:31:35.35,,,f,f,2017-01-27 11:31:35.487,,bd1f27b6-bc29-4adf-9bd7-f909485f6583,,,,bd1f27b6-bc29-4adf-9bd7-f909485f6583,Exon,,,,,,,,,,,,
16379,2,2017-01-11 19:50:29.436,,,f,f,2017-01-11 19:50:29.469,,YAL021C-00002,,,,ce988928-c44a-4b81-90e9-224dfa1df109,MRNA,,,,,,,,,,,,
18209,1,2017-01-27 11:31:35.375,,,f,f,2017-01-27 11:31:35.49,,1420abd6-f03a-4443-8786-7b131a8a4b2c,,,,1420abd6-f03a-4443-8786-7b131a8a4b2c,CDS,,,,,,,,,,,,
16393,1,2017-01-11 19:50:29.485,,,f,f,2017-01-11 19:50:29.518,,b22828b1-87ba-49e5-805c-574a6d331f80-exon,,,,c97a0735-1c53-40e4-a98e-14d62214cef0,Exon,,,,,,,,,,,,
16396,1,2017-01-11 19:50:29.49,,,f,f,2017-01-11 19:50:29.519,,069cf75d-74be-4153-a571-da197fa9005f-CDS,,,,0c800cbb-2437-4de8-911b-e68fae98f078,CDS,,,,,,,,,,,,
16391,2,2017-01-11 19:50:29.491,,,f,f,2017-01-11 19:50:29.523,,YAL022C-00002,,,,88b9ad03-7aec-449e-8f70-c347d4a6fcb3,MRNA,,,,,,,,,,,,
16405,1,2017-01-11 19:50:29.54,,,f,f,2017-01-11 19:50:29.565,,b31f6214-0335-431e-a550-230c4c08d704-exon,,,,ec0745ee-4c95-41f0-a79d-dbdbe1d918c2,Exon,,,,,,,,,,,,
16401,2,2017-01-11 19:50:29.547,,,f,f,2017-01-11 19:50:29.568,,YAL023C,,,,cab10534-d0e0-4f00-94c2-c3102d6b765b,Gene,,,,,,,,,,,,
16355,8,2017-01-11 19:50:29.315,,,f,f,2017-01-11 19:52:32.558,,YAL001C,,,,a4e55ce8-7e0c-4b38-92d1-98062efee416,Gene,,,,,,,,,,,,
16367,4,2017-01-11 19:50:29.376,,,f,f,2017-01-11 19:54:14.779,,YAL001C-00002,,,,52101df4-ec7f-481b-954b-ac81c604c2a1,MRNA,,,,,,,,,,,,
18195,2,2017-01-27 11:31:35.38,,,f,f,2017-01-27 11:31:52.538,,GB42183-RA-00002,,,,c1d934d7-16c0-4afc-ac99-b457134dc3cd,MRNA,,,,,,,,,,,,
18221,2,2017-01-27 11:32:12.495,,,f,f,2017-01-27 11:32:12.628,,GB42183-RAa,,,,67269368-368d-439e-8ff2-fd2ad88ea563,Gene,,,,,,,,,,,,
16408,1,2017-01-11 19:50:29.544,,,f,f,2017-01-11 19:50:29.566,,6cdf1f1b-abb7-425f-8e7f-dbfd3424b5b1-CDS,,,,dcabd498-15fd-4967-99ac-867d9a299466,CDS,,,,,,,,,,,,
16403,2,2017-01-11 19:50:29.545,,,f,f,2017-01-11 19:50:29.569,,YAL023C-00002,,,,661c5aac-6eca-454b-bff5-90e2252ca9cc,MRNA,,,,,,,,,,,,
16414,1,2017-01-11 19:51:31.791,,,f,f,2017-01-11 19:51:31.823,,YAR042W-00004,,,,85476f11-defa-4dfc-899e-8fe5260faf70,MRNA,,,,,,,,,,,,
16416,1,2017-01-11 19:51:31.783,,,f,f,2017-01-11 19:51:31.824,,037be3af-1b7a-491f-8e1a-257fc2b2d4ad-exon,,,,870cf06c-d09f-429c-8c33-a48541357162,Exon,,,,,,,,,,,,
16419,1,2017-01-11 19:51:31.789,,,f,f,2017-01-11 19:51:31.825,,54fdd326-536d-4adc-9ab6-4a31820700b7-CDS,,,,83eef28f-6006-494d-a835-474e61b61f86,CDS,,,,,,,,,,,,
16424,1,2017-01-11 19:51:31.845,,,f,f,2017-01-11 19:51:31.869,,YAR042W-00005,,,,e967a8f7-ddcf-472e-ae67-7c9a2a8109f0,MRNA,,,,,,,,,,,,
16426,1,2017-01-11 19:51:31.84,,,f,f,2017-01-11 19:51:31.87,,037be3af-1b7a-491f-8e1a-257fc2b2d4ad-exon,,,,7b32aabb-15ad-4803-97d2-44be46e59572,Exon,,,,,,,,,,,,
16429,1,2017-01-11 19:51:31.844,,,f,f,2017-01-11 19:51:31.87,,54fdd326-536d-4adc-9ab6-4a31820700b7-CDS,,,,66104e82-5638-40e8-a8ee-1143b45a6c28,CDS,,,,,,,,,,,,
16454,1,2017-01-11 19:51:31.983,,,f,f,2017-01-11 19:51:32.01,,YAL021C-00003,,,,62edd39b-b7a2-47dc-87d3-28348eb8aca4,MRNA,,,,,,,,,,,,
16456,1,2017-01-11 19:51:31.978,,,f,f,2017-01-11 19:51:32.011,,a3dbbeb1-99b4-4162-a280-d79a371e39fa-exon,,,,e40f7575-9c76-480d-a70c-5f9c7bece34d,Exon,,,,,,,,,,,,
16459,1,2017-01-11 19:51:31.982,,,f,f,2017-01-11 19:51:32.011,,32b55444-874d-4d8c-95dd-ae7312b370c4-CDS,,,,6f288956-b36a-470c-9c88-206c7f34656d,CDS,,,,,,,,,,,,
16464,1,2017-01-11 19:51:32.03,,,f,f,2017-01-11 19:51:32.056,,YAL022C-00003,,,,3fd17843-d6ed-46c9-a82c-f6850e00b1d1,MRNA,,,,,,,,,,,,
16466,1,2017-01-11 19:51:32.026,,,f,f,2017-01-11 19:51:32.056,,b22828b1-87ba-49e5-805c-574a6d331f80-exon,,,,411c867b-0284-49f4-812d-07e5a958ed76,Exon,,,,,,,,,,,,
16469,1,2017-01-11 19:51:32.029,,,f,f,2017-01-11 19:51:32.057,,069cf75d-74be-4153-a571-da197fa9005f-CDS,,,,a3a3376e-22b5-465c-bced-713676c83420,CDS,,,,,,,,,,,,
16478,1,2017-01-11 19:51:32.085,,,f,f,2017-01-11 19:51:32.103,,b31f6214-0335-431e-a550-230c4c08d704-exon,,,,c35787ec-58fb-40f9-81b3-aba3c93a54fb,Exon,,,,,,,,,,,,
16481,1,2017-01-11 19:51:32.088,,,f,f,2017-01-11 19:51:32.104,,6cdf1f1b-abb7-425f-8e7f-dbfd3424b5b1-CDS,,,,edba95fc-b896-4fc1-a41e-f0684fffbc3a,CDS,,,,,,,,,,,,
16474,2,2017-01-11 19:51:32.09,,,f,f,2017-01-11 19:51:32.106,,YAL023Ca,,,,ce6aae4c-8e55-4b8f-bf32-85b6cea378dc,Gene,,,,,,,,,,,,
16486,1,2017-01-11 19:51:41.761,,,f,f,2017-01-11 19:51:41.79,,YAR042W-00003,,,,869c31ab-c1d2-457a-902f-a0aadd4f0cb8,MRNA,,,,,,,,,,,,
16488,1,2017-01-11 19:51:41.756,,,f,f,2017-01-11 19:51:41.79,,037be3af-1b7a-491f-8e1a-257fc2b2d4ad-exon,,,,9277f5b1-1d93-4aa8-9ba4-9152053c2657,Exon,,,,,,,,,,,,
16491,1,2017-01-11 19:51:41.759,,,f,f,2017-01-11 19:51:41.79,,54fdd326-536d-4adc-9ab6-4a31820700b7-CDS,,,,3ba6d64b-0e61-4c63-9b69-e95784769067,CDS,,,,,,,,,,,,
8633,5,2016-11-30 09:12:05.703,,,f,f,2017-01-11 19:51:41.835,,YAR042W,,,,5646222a-fb40-419a-b296-41e5c11a9926,Gene,,,,,,,,,,,,
16496,1,2017-01-11 19:51:41.811,,,f,f,2017-01-11 19:51:41.835,,YAR042W-00004,,,,8386d814-7692-4d50-8516-520d014dcb8c,MRNA,,,,,,,,,,,,
16498,1,2017-01-11 19:51:41.806,,,f,f,2017-01-11 19:51:41.836,,037be3af-1b7a-491f-8e1a-257fc2b2d4ad-exon,,,,6a899eaf-9874-4905-8f7b-c46ebf01cf8b,Exon,,,,,,,,,,,,
16501,1,2017-01-11 19:51:41.809,,,f,f,2017-01-11 19:51:41.836,,54fdd326-536d-4adc-9ab6-4a31820700b7-CDS,,,,cfc1d92c-80e3-4468-aff3-90f772aab7f6,CDS,,,,,,,,,,,,
16506,1,2017-01-11 19:51:41.856,,,f,f,2017-01-11 19:51:41.886,,YAL001C-00003,,,,6a470e7f-97b1-4299-906b-a8a6c440a24a,MRNA,,,,,,,,,,,,
16508,1,2017-01-11 19:51:41.852,,,f,f,2017-01-11 19:51:41.887,,2a1d17c4-409a-46b5-b3d0-d9fd5e96ace8-exon,,,,2c3ff86a-dad3-4629-9589-710c7a1ed87a,Exon,,,,,,,,,,,,
16511,1,2017-01-11 19:51:41.855,,,f,f,2017-01-11 19:51:41.887,,c11ad73c-a9ae-4146-828b-a2b4521497f6-CDS,,,,a3437525-c698-48a2-80e1-ce3abecbec21,CDS,,,,,,,,,,,,
8621,8,2016-11-30 09:12:04.982,,,f,f,2017-01-11 19:51:41.927,,YAL001C,,16316,,ef1fb938-eca4-44da-ba62-49edd62dc0ee,Gene,,,,,,,,,,,,
10328,3,2016-12-15 14:33:47.916,,,f,f,2017-01-11 19:51:41.973,,YAL021C,,,,1fe48d8e-9bee-4631-aa5e-4ae766b42d19,Gene,,,,,,,,,,,,
16526,1,2017-01-11 19:51:41.946,,,f,f,2017-01-11 19:51:41.974,,YAL021C-00002,,,,8ef9ff60-cfdb-4126-9c88-970878a7b595,MRNA,,,,,,,,,,,,
16528,1,2017-01-11 19:51:41.941,,,f,f,2017-01-11 19:51:41.974,,a3dbbeb1-99b4-4162-a280-d79a371e39fa-exon,,,,5d278fc7-8cb2-4e98-81ed-f041f0601917,Exon,,,,,,,,,,,,
16531,1,2017-01-11 19:51:41.945,,,f,f,2017-01-11 19:51:41.975,,32b55444-874d-4d8c-95dd-ae7312b370c4-CDS,,,,b6368195-b80f-4fb2-90c0-76503417e2c7,CDS,,,,,,,,,,,,
8990,3,2016-12-01 10:57:54.275,,,f,f,2017-01-11 19:51:42.016,,YAL022C,,,,20f04b10-7e7f-40a3-961a-20ee32dd405e,Gene,,,,,,,,,,,,
16536,1,2017-01-11 19:51:41.993,,,f,f,2017-01-11 19:51:42.016,,YAL022C-00002,,,,71813a38-9565-4be6-9ebb-62b6454f6059,MRNA,,,,,,,,,,,,
16538,1,2017-01-11 19:51:41.989,,,f,f,2017-01-11 19:51:42.017,,b22828b1-87ba-49e5-805c-574a6d331f80-exon,,,,4e3fedd6-13c3-465b-9a34-b3227943811d,Exon,,,,,,,,,,,,
16541,1,2017-01-11 19:51:41.992,,,f,f,2017-01-11 19:51:42.017,,069cf75d-74be-4153-a571-da197fa9005f-CDS,,,,8ea0bb1c-bfba-4af1-a29c-28aec492f16f,CDS,,,,,,,,,,,,
16550,1,2017-01-11 19:51:42.04,,,f,f,2017-01-11 19:51:42.061,,b31f6214-0335-431e-a550-230c4c08d704-exon,,,,4f1c5100-5f30-464a-aac5-ffbb8a2ccaa8,Exon,,,,,,,,,,,,
16553,1,2017-01-11 19:51:42.043,,,f,f,2017-01-11 19:51:42.062,,6cdf1f1b-abb7-425f-8e7f-dbfd3424b5b1-CDS,,,,609ef781-a562-4cb7-bada-dfcb86cb1892,CDS,,,,,,,,,,,,
16546,2,2017-01-11 19:51:42.046,,,f,f,2017-01-11 19:51:42.065,,YAL023Ca,,,,2c02741a-1523-497a-8fec-c4c1c39641aa,Gene,,,,,,,,,,,,
16548,2,2017-01-11 19:51:42.044,,,f,f,2017-01-11 19:51:42.066,,YAL023Ca-00001,,,,223403f2-59d8-4a4a-8246-c5a5a754387e,MRNA,,,,,,,,,,,,
16561,1,2017-01-11 19:54:14.769,,,f,f,2017-01-11 19:54:14.78,,52101df4-ec7f-481b-954b-ac81c604c2a1-non_canonical_three_prime_splice_site-147599,,,,52101df4-ec7f-481b-954b-ac81c604c2a1-non_canonical_three_prime_splice_site-147599,NonCanonicalThreePrimeSpliceSite,,,,,,,,,,,,
18229,1,2017-01-27 11:32:21.133,,,f,f,2017-01-27 11:32:21.24,,016c400a-8830-493d-8989-f854ad677375,,,,016c400a-8830-493d-8989-f854ad677375,Exon,,,,,,,,,,,,
18232,1,2017-01-27 11:32:21.148,,,f,f,2017-01-27 11:32:21.241,,273d2eaf-ce33-4ab4-9011-51a0e70b166b,,,,273d2eaf-ce33-4ab4-9011-51a0e70b166b,Exon,,,,,,,,,,,,
18235,1,2017-01-27 11:32:21.162,,,f,f,2017-01-27 11:32:21.242,,8416e41e-936d-4074-86e7-a9ff6fafb6ef,,,,8416e41e-936d-4074-86e7-a9ff6fafb6ef,Exon,,,,,,,,,,,,
18238,1,2017-01-27 11:32:21.174,,,f,f,2017-01-27 11:32:21.243,,48cd4a63-ca9e-41c0-a4a7-e99b33bad9df,,,,48cd4a63-ca9e-41c0-a4a7-e99b33bad9df,Exon,,,,,,,,,,,,
18225,2,2017-01-27 11:32:21.2,,,f,f,2017-01-27 11:32:21.303,,Group1.1f,,,,ddca1900-ed35-4221-980f-8b3ca051f6e6,Gene,,,,,,,,,,,,
18227,2,2017-01-27 11:32:21.194,,,f,f,2017-01-27 11:32:21.304,,Group1.1f-00001,,,,b5fc3f3e-1e9a-4851-bd2a-e794aa517d66,TRNA,,,,,,,,,,,,
18250,1,2017-01-27 11:40:10.83,,,f,f,2017-01-27 11:40:10.873,,9051f5e9-107b-4fcc-9e26-5dd6753f818c,,,,9051f5e9-107b-4fcc-9e26-5dd6753f818c,Exon,,,,,,,,,,,,
18246,2,2017-01-27 11:40:10.843,,,f,f,2017-01-27 11:40:10.912,,Group1.1g,,,,cedf8790-8387-4cde-8651-f7e4e0d2231c,Pseudogene,,,,,,,,,,,,
18248,2,2017-01-27 11:40:10.838,,,f,f,2017-01-27 11:40:10.914,,Group1.1g-00001,,,,2daf8608-42e8-48d1-80e2-277f8675eaf7,Transcript,,,,,,,,,,,,
19269,1,2017-01-27 15:11:14.287,,,f,f,2017-01-27 15:11:14.322,,8c083e60-0175-41d5-8ea5-e477e8277a4e,,,,8c083e60-0175-41d5-8ea5-e477e8277a4e,Exon,,,,,,,,,,,,
19272,1,2017-01-27 15:11:14.292,,,f,f,2017-01-27 15:11:14.323,,f14b6313-6660-432d-8ca1-ced2a2aedad6-CDS,,,,f14b6313-6660-432d-8ca1-ced2a2aedad6-CDS,CDS,,,,,,,,,,,,
19265,6,2017-01-27 15:11:14.297,,,f,f,2017-01-27 15:11:38.835,,YAR018C,,,,ec080f61-aa65-4e96-a98e-73df58c43153,Gene,,,,,,,,,,,,
19267,2,2017-01-27 15:11:14.295,,,f,f,2017-01-27 15:11:14.327,,YAR018C-00001,,,,f14b6313-6660-432d-8ca1-ced2a2aedad6,MRNA,,,,,,,,,,,,
17627,1,2017-01-27 11:11:03.884,,,f,f,2017-01-27 11:11:03.995,,1a01feb4-991a-48f7-bb19-bbb83f1d40ee,,,,1a01feb4-991a-48f7-bb19-bbb83f1d40ee,Exon,,,,,,,,,,,,
17623,2,2017-01-27 11:11:03.899,,,f,f,2017-01-27 11:11:04.243,,chrI,,,,62ca81e6-8672-4fb4-9918-209bf509b944,Gene,,,,,,,,,,,,
17625,2,2017-01-27 11:11:03.892,,,f,f,2017-01-27 11:11:04.244,,chrI-00001,,,,166bfa4c-656b-481a-bba2-c0f8d51a2e77,TRNA,,,,,,,,,,,,
17644,1,2017-01-27 11:11:21.53,,,f,f,2017-01-27 11:11:21.623,,3ac6bc4c-cc0c-43d5-a1ba-a93e85e22fd6,,,,3ac6bc4c-cc0c-43d5-a1ba-a93e85e22fd6,Exon,,,,,,,,,,,,
17648,2,2017-01-27 11:11:21.615,,,f,f,2017-01-27 11:11:21.631,,332484a0-93cf-4b5c-ad54-2f28a2f57693-CDS,,,,332484a0-93cf-4b5c-ad54-2f28a2f57693-CDS,CDS,,,,,,,,,,,,
17640,2,2017-01-27 11:11:21.535,,,f,f,2017-01-27 11:11:21.654,,chrIa,,,,0be5abdb-e00d-4f0e-bc77-5546d9d82ef3,Gene,,,,,,,,,,,,
17642,4,2017-01-27 11:11:21.533,,,f,f,2017-01-27 11:11:21.655,,chrIa-00001,,,,332484a0-93cf-4b5c-ad54-2f28a2f57693,MRNA,,,,,,,,,,,,
17768,2,2017-01-27 11:28:15.482,,,f,f,2017-01-27 11:28:15.524,,79a39f87-9f5c-4bc1-9724-bc4d0f444f4c-CDS,,,,79a39f87-9f5c-4bc1-9724-bc4d0f444f4c-CDS,CDS,,,,,,,,,,,,
17656,1,2017-01-27 11:11:25.914,,,f,f,2017-01-27 11:11:25.925,,9c9e6c95-8bc0-4bb0-99c7-1bf04b7837c7,,,,9c9e6c95-8bc0-4bb0-99c7-1bf04b7837c7,Exon,,,,,,,,,,,,
17652,2,2017-01-27 11:11:25.919,,,f,f,2017-01-27 11:11:25.94,,chrIc,,,,fca12ea6-7eb4-4a5b-a3a6-0c7f336dd9e3,Gene,,,,,,,,,,,,
17654,2,2017-01-27 11:11:25.917,,,f,f,2017-01-27 11:11:25.941,,chrIc-00001,,,,ae770506-62e5-4081-946f-deea5b7ec4df,SnoRNA,,,,,,,,,,,,
17752,1,2017-01-27 11:28:09.847,,,f,f,2017-01-27 11:28:10.307,,7da5a897-5ec2-48ea-88c9-58ad36c4f160,,,,7da5a897-5ec2-48ea-88c9-58ad36c4f160,Exon,,,,,,,,,,,,
17737,1,2017-01-27 11:19:22.69,,,f,f,2017-01-27 11:19:22.88,,33e1ede6-ee27-4fe7-8366-4ad4a780e5c5,,,,33e1ede6-ee27-4fe7-8366-4ad4a780e5c5,Exon,,,,,,,,,,,,
17741,2,2017-01-27 11:19:22.866,,,f,f,2017-01-27 11:19:22.912,,96f744e0-227b-469b-b2f9-7912b59db825-CDS,,,,96f744e0-227b-469b-b2f9-7912b59db825-CDS,CDS,,,,,,,,,,,,
17760,2,2017-01-27 11:28:15.417,,,f,f,2017-01-27 11:28:15.571,,YAL029C,,,,8edb78be-e83a-4ac4-89e3-b83e0480e143,Gene,,,,,,,,,,,,
17733,2,2017-01-27 11:19:22.701,,,f,f,2017-01-27 11:19:23.11,,YAR019C,,,,70391fe2-1f87-4641-9a87-a82551b2d61e,Gene,,,,,,,,,,,,
17735,4,2017-01-27 11:19:22.696,,,f,f,2017-01-27 11:19:23.111,,YAR019C-00001,,,,96f744e0-227b-469b-b2f9-7912b59db825,MRNA,,,,,,,,,,,,
17762,4,2017-01-27 11:28:15.41,,,f,f,2017-01-27 11:28:15.572,,YAL029C-00001,,,,79a39f87-9f5c-4bc1-9724-bc4d0f444f4c,MRNA,,,,,,,,,,,,
17756,2,2017-01-27 11:28:10.254,,,f,f,2017-01-27 11:28:10.387,,8029313c-61fd-4216-bab0-c05b1f3f1a57-CDS,,,,8029313c-61fd-4216-bab0-c05b1f3f1a57-CDS,CDS,,,,,,,,,,,,
17748,2,2017-01-27 11:28:09.883,,,f,f,2017-01-27 11:28:10.999,,YAL031C,,,,31d44087-6cc4-41df-b1b1-e908dc9e6302,Gene,,,,,,,,,,,,
17750,4,2017-01-27 11:28:09.868,,,f,f,2017-01-27 11:28:11,,YAL031C-00001,,,,8029313c-61fd-4216-bab0-c05b1f3f1a57,MRNA,,,,,,,,,,,,
17780,2,2017-01-27 11:28:35.655,,,f,f,2017-01-27 11:28:35.818,,90473d26-1152-4be4-bb4e-c307610734da-CDS,,,,90473d26-1152-4be4-bb4e-c307610734da-CDS,CDS,,,,,,,,,,,,
17764,1,2017-01-27 11:28:15.395,,,f,f,2017-01-27 11:28:15.504,,e43685ff-e2a6-4adc-aba6-72002c1b45b6,,,,e43685ff-e2a6-4adc-aba6-72002c1b45b6,Exon,,,,,,,,,,,,
17772,2,2017-01-27 11:28:35.439,,,f,f,2017-01-27 11:28:36.162,,YAL033W,,,,696fa174-0698-4f69-ae5d-e35a1f4518f9,Gene,,,,,,,,,,,,
17774,4,2017-01-27 11:28:35.427,,,f,f,2017-01-27 11:28:36.165,,YAL033W-00001,,,,90473d26-1152-4be4-bb4e-c307610734da,MRNA,,,,,,,,,,,,
17788,1,2017-01-27 11:28:39.204,,,f,f,2017-01-27 11:28:39.31,,a829fd1c-4b19-43aa-b578-d50d2df38ac2,,,,a829fd1c-4b19-43aa-b578-d50d2df38ac2,Exon,,,,,,,,,,,,
17776,1,2017-01-27 11:28:35.414,,,f,f,2017-01-27 11:28:35.72,,006d5af3-01be-4a07-a7cf-8e8fcb174d15,,,,006d5af3-01be-4a07-a7cf-8e8fcb174d15,Exon,,,,,,,,,,,,
17792,2,2017-01-27 11:28:39.268,,,f,f,2017-01-27 11:28:39.352,,76ff0745-62c9-401f-ad04-077a53923fa1-CDS,,,,76ff0745-62c9-401f-ad04-077a53923fa1-CDS,CDS,,,,,,,,,,,,
17784,2,2017-01-27 11:28:39.233,,,f,f,2017-01-27 11:28:39.428,,YAL025C,,,,582a2ec6-c315-4dd0-90cb-d13cf0ede840,Gene,,,,,,,,,,,,
17786,4,2017-01-27 11:28:39.218,,,f,f,2017-01-27 11:28:39.431,,YAL025C-00001,,,,76ff0745-62c9-401f-ad04-077a53923fa1,MRNA,,,,,,,,,,,,
17800,1,2017-01-27 11:28:42.965,,,f,f,2017-01-27 11:28:43,,2ae18570-5642-496d-bf42-d92f1c2a3d62,,,,2ae18570-5642-496d-bf42-d92f1c2a3d62,Exon,,,,,,,,,,,,
17796,2,2017-01-27 11:28:42.979,,,f,f,2017-01-27 11:28:43.036,,chrId,,,,6ec16c9f-e39d-4f2f-a453-fde6dba755b3,Gene,,,,,,,,,,,,
17798,2,2017-01-27 11:28:42.972,,,f,f,2017-01-27 11:28:43.037,,chrId-00001,,,,5538e8f7-7cde-4a80-8d05-9cbe4bd29ded,SnRNA,,,,,,,,,,,,
17809,1,2017-01-27 11:28:47.399,,,f,f,2017-01-27 11:28:47.435,,0fcdc3e5-da51-42a0-ba0d-66db76b31f7d,,,,0fcdc3e5-da51-42a0-ba0d-66db76b31f7d,Exon,,,,,,,,,,,,
17805,2,2017-01-27 11:28:47.414,,,f,f,2017-01-27 11:28:47.466,,chrIe,,,,277c643a-9880-426d-a011-616a2ed764f6,Gene,,,,,,,,,,,,
17807,2,2017-01-27 11:28:47.407,,,f,f,2017-01-27 11:28:47.467,,chrIe-00001,,,,1808bdba-409f-4a28-9ae5-7a1f22ec3dfe,MiRNA,,,,,,,,,,,,
17818,1,2017-01-27 11:28:51.984,,,f,f,2017-01-27 11:28:52.022,,cf50a541-0f7a-447b-8537-a74449cd9166,,,,cf50a541-0f7a-447b-8537-a74449cd9166,Exon,,,,,,,,,,,,
17814,2,2017-01-27 11:28:52.001,,,f,f,2017-01-27 11:28:52.054,,chrIf,,,,2fb11ed3-8be2-4b73-b184-940f227ec8e7,Gene,,,,,,,,,,,,
17816,2,2017-01-27 11:28:51.993,,,f,f,2017-01-27 11:28:52.055,,chrIf-00001,,,,a88642ef-a4e5-4519-b468-a76745e73a23,NcRNA,,,,,,,,,,,,
17845,1,2017-01-27 11:29:02.26,,,f,f,2017-01-27 11:29:02.324,,7c3a0df8-e33b-4da1-b9bd-d68b621f2d5d,,,,7c3a0df8-e33b-4da1-b9bd-d68b621f2d5d,Exon,,,,,,,,,,,,
17849,2,2017-01-27 11:29:02.301,,,f,f,2017-01-27 11:29:02.346,,0ee9d26f-09fb-4f3f-a8ae-d795d6db9f8c-CDS,,,,0ee9d26f-09fb-4f3f-a8ae-d795d6db9f8c-CDS,CDS,,,,,,,,,,,,
17841,2,2017-01-27 11:29:02.274,,,f,f,2017-01-27 11:29:02.391,,YAL026C,,,,12c2a2d0-1181-4b0b-9d9c-61d8aff87982,Gene,,,,,,,,,,,,
17843,4,2017-01-27 11:29:02.267,,,f,f,2017-01-27 11:29:02.392,,YAL026C-00001,,,,0ee9d26f-09fb-4f3f-a8ae-d795d6db9f8c,MRNA,,,,,,,,,,,,
17858,1,2017-01-27 11:29:16.799,,,f,f,2017-01-27 11:29:17.078,,042729f4-9a45-4cd8-b699-d66d2f1a0eae,,,,042729f4-9a45-4cd8-b699-d66d2f1a0eae,Exon,,,,,,,,,,,,
17861,1,2017-01-27 11:29:16.814,,,f,f,2017-01-27 11:29:17.08,,4a3a458f-2003-41ff-b74c-6f4f4f2f4107,,,,4a3a458f-2003-41ff-b74c-6f4f4f2f4107,Exon,,,,,,,,,,,,
17864,1,2017-01-27 11:29:16.828,,,f,f,2017-01-27 11:29:17.081,,081e2e9b-6b47-49b0-8938-386a31381e40,,,,081e2e9b-6b47-49b0-8938-386a31381e40,Exon,,,,,,,,,,,,
17867,1,2017-01-27 11:29:16.842,,,f,f,2017-01-27 11:29:17.082,,869e6277-6850-4b9d-b480-37dc0ac11934,,,,869e6277-6850-4b9d-b480-37dc0ac11934,Exon,,,,,,,,,,,,
17870,1,2017-01-27 11:29:16.859,,,f,f,2017-01-27 11:29:17.083,,ff8e3d60-75dc-4dfd-90e6-f0dbbe0658f9,,,,ff8e3d60-75dc-4dfd-90e6-f0dbbe0658f9,Exon,,,,,,,,,,,,
17873,1,2017-01-27 11:29:16.874,,,f,f,2017-01-27 11:29:17.085,,de3a36a6-ad91-45ee-aa2b-7787c1c0ab1b,,,,de3a36a6-ad91-45ee-aa2b-7787c1c0ab1b,Exon,,,,,,,,,,,,
17876,1,2017-01-27 11:29:16.887,,,f,f,2017-01-27 11:29:17.086,,cc97e51f-4bb1-4f64-aade-0bbc6f05dc4f,,,,cc97e51f-4bb1-4f64-aade-0bbc6f05dc4f,Exon,,,,,,,,,,,,
17879,1,2017-01-27 11:29:16.902,,,f,f,2017-01-27 11:29:17.087,,705e1d08-27fd-4c1c-a899-89d73bdaf7e4,,,,705e1d08-27fd-4c1c-a899-89d73bdaf7e4,CDS,,,,,,,,,,,,
17856,2,2017-01-27 11:29:16.908,,,f,f,2017-01-27 11:29:17.119,,GB42150-RA-00001,,,,95a3bfa6-5dd8-4734-a4ae-950e218e06c3,MRNA,,,,,,,,,,,,
17854,3,2017-01-27 11:29:16.915,,,f,f,2017-01-27 11:29:21.275,,GB42150-RA,,,,58493bb3-9cee-4b79-ba27-050f1d8427f2,Gene,,,,,,,,,,,,
18419,1,2017-01-27 11:51:43.816,,,f,f,2017-01-27 11:51:43.827,,bc5e517d-469f-4ffc-895b-40f18c3b6a66,,,,bc5e517d-469f-4ffc-895b-40f18c3b6a66,Exon,,,,,,,,,,,,
18415,2,2017-01-27 11:51:43.821,,,f,f,2017-01-27 11:51:43.842,,chrIk,,,,4c8494cb-6138-4faf-8e31-b880ab13cfb5,Pseudogene,,,,,,,,,,,,
18417,2,2017-01-27 11:51:43.819,,,f,f,2017-01-27 11:51:43.842,,chrIk-00001,,,,01750d32-eaeb-4e95-a1a1-a81a858705c5,Transcript,,,,,,,,,,,,
18408,1,2017-01-27 11:49:34.974,,,f,f,2017-01-27 11:49:34.986,,2fdedf15-cfee-4964-9b44-2619e880000b,,,,2fdedf15-cfee-4964-9b44-2619e880000b,Exon,,,,,,,,,,,,
18404,2,2017-01-27 11:49:34.98,,,f,f,2017-01-27 11:49:34.996,,chrIi,,,,1717da5a-1451-4c01-a3eb-b62773a87f5e,Gene,,,,,,,,,,,,
18406,2,2017-01-27 11:49:34.977,,,f,f,2017-01-27 11:49:34.997,,chrIi-00002,,,,730889f7-5362-4932-9199-2401415069e7,TRNA,,,,,,,,,,,,
18412,1,2017-01-27 11:51:29.233,,,f,f,2017-01-27 11:51:29.255,,YAL013Wa,,,,643d1285-23c3-48ad-ad5a-a937d69d0812,RepeatRegion,,,,,,,,,,,,
17827,1,2017-01-27 11:28:56.311,,,f,f,2017-01-27 11:28:56.345,,e76dcf7f-0fdd-4d7b-b647-4cb4c04baf50,,,,e76dcf7f-0fdd-4d7b-b647-4cb4c04baf50,Exon,,,,,,,,,,,,
17823,2,2017-01-27 11:28:56.323,,,f,f,2017-01-27 11:28:56.381,,chrIg,,,,73e10995-b192-49df-ae02-8764b384aacd,Pseudogene,,,,,,,,,,,,
17825,2,2017-01-27 11:28:56.317,,,f,f,2017-01-27 11:28:56.382,,chrIg-00001,,,,689fe9d4-340a-4989-a80d-e5640465a6ef,Transcript,,,,,,,,,,,,
17836,1,2017-01-27 11:29:00.235,,,f,f,2017-01-27 11:29:00.272,,6751e538-9d76-4927-bfcb-de7847257983,,,,6751e538-9d76-4927-bfcb-de7847257983,Exon,,,,,,,,,,,,
17832,2,2017-01-27 11:29:00.248,,,f,f,2017-01-27 11:29:00.302,,chrIh,,,,b87e3879-47c8-48d2-84d7-7bcfd309a7be,Gene,,,,,,,,,,,,
17834,2,2017-01-27 11:29:00.241,,,f,f,2017-01-27 11:29:00.303,,chrIh-00001,,,,99e16ef1-fde9-4d2e-a356-f46d2a8ae51b,NcRNA,,,,,,,,,,,,
17884,1,2017-01-27 11:29:21.083,,,f,f,2017-01-27 11:29:21.277,,GB42150-RA-00002,,,,f262865a-5014-41c2-b05d-38dcf04fd4c8,MRNA,,,,,,,,,,,,
17886,1,2017-01-27 11:29:20.975,,,f,f,2017-01-27 11:29:21.279,,16f3daa0-50ba-49c7-aaf6-7124bad1b367,,,,16f3daa0-50ba-49c7-aaf6-7124bad1b367,Exon,,,,,,,,,,,,
17889,1,2017-01-27 11:29:20.991,,,f,f,2017-01-27 11:29:21.28,,f65ab702-628c-4922-8e1c-c89554ddd855,,,,f65ab702-628c-4922-8e1c-c89554ddd855,Exon,,,,,,,,,,,,
17892,1,2017-01-27 11:29:21.006,,,f,f,2017-01-27 11:29:21.281,,379741d7-16fb-4d1a-b6b7-315c4a5c6b1e,,,,379741d7-16fb-4d1a-b6b7-315c4a5c6b1e,Exon,,,,,,,,,,,,
17895,1,2017-01-27 11:29:21.019,,,f,f,2017-01-27 11:29:21.283,,3b707ebc-98dc-49b0-94aa-a0d3c0ef1f3a,,,,3b707ebc-98dc-49b0-94aa-a0d3c0ef1f3a,Exon,,,,,,,,,,,,
17898,1,2017-01-27 11:29:21.032,,,f,f,2017-01-27 11:29:21.284,,37a83928-c921-42f4-9423-79f6d8686d4b,,,,37a83928-c921-42f4-9423-79f6d8686d4b,Exon,,,,,,,,,,,,
17901,1,2017-01-27 11:29:21.047,,,f,f,2017-01-27 11:29:21.286,,163da2c3-d217-4ee1-a1b6-25faa86b92d2,,,,163da2c3-d217-4ee1-a1b6-25faa86b92d2,Exon,,,,,,,,,,,,
17904,1,2017-01-27 11:29:21.062,,,f,f,2017-01-27 11:29:21.287,,e71447a8-7b18-433b-9e02-48f8ea71e10b,,,,e71447a8-7b18-433b-9e02-48f8ea71e10b,Exon,,,,,,,,,,,,
17907,1,2017-01-27 11:29:21.077,,,f,f,2017-01-27 11:29:21.288,,d7012a8b-dcc7-4305-8c51-856a8d9a983d,,,,d7012a8b-dcc7-4305-8c51-856a8d9a983d,CDS,,,,,,,,,,,,
19313,1,2017-01-27 15:11:47.917,,,f,f,2017-01-27 15:11:47.929,,65eed004-d992-4320-97c0-decc47ccc669,,,,65eed004-d992-4320-97c0-decc47ccc669,Exon,,,,,,,,,,,,
19309,2,2017-01-27 15:11:47.924,,,f,f,2017-01-27 15:11:47.942,,YAR018Ca,,,,035f46cb-fda2-412b-9a8e-d2e07bbb7cc9,Pseudogene,,,,,,,,,,,,
19311,2,2017-01-27 15:11:47.921,,,f,f,2017-01-27 15:11:47.943,,YAR018C-00002,,,,ea53abc0-e24d-4401-95b9-762cf21e6415,Transcript,,,,,,,,,,,,
18386,1,2017-01-27 11:49:08.288,,,f,f,2017-01-27 11:49:08.3,,d5f4f302-90a0-4f60-bf3c-be39e3595a08,,,,d5f4f302-90a0-4f60-bf3c-be39e3595a08,Exon,,,,,,,,,,,,
18844,1,2017-01-27 12:24:44.157,,,f,f,2017-01-27 12:24:44.199,,c7c61322-7ace-4361-8eb5-10b86fc0cdb5,,,,c7c61322-7ace-4361-8eb5-10b86fc0cdb5,Exon,,,,,,,,,,,,
18382,2,2017-01-27 11:49:08.293,,,f,f,2017-01-27 11:49:08.314,,chrIj,,,,2ba1550d-13b8-4501-9d19-035043f80058,Pseudogene,,,,,,,,,,,,
18384,2,2017-01-27 11:49:08.29,,,f,f,2017-01-27 11:49:08.314,,chrIj-00001,,,,c8a38ae5-bf32-43f3-8441-152c172529d1,Transcript,,,,,,,,,,,,
18840,2,2017-01-27 12:24:44.177,,,f,f,2017-01-27 12:24:44.225,,YAL014C,,,,b196450a-787f-4999-a242-7a5bb40da824,Gene,,,,,,,,,,,,
18842,2,2017-01-27 12:24:44.165,,,f,f,2017-01-27 12:24:44.227,,YAL014C-00001,,,,53d7bbff-62b1-46a7-b707-b54db363c7cd,TRNA,,,,,,,,,,,,
18018,1,2017-01-27 11:29:57.626,,,f,f,2017-01-27 11:29:58.153,,7fa5ed5d-342f-461d-bbc4-08be353c90d6,,,,7fa5ed5d-342f-461d-bbc4-08be353c90d6,Exon,,,,,,,,,,,,
18021,1,2017-01-27 11:29:57.65,,,f,f,2017-01-27 11:29:58.155,,f367e026-ab36-4376-af83-643e89a0b0c7,,,,f367e026-ab36-4376-af83-643e89a0b0c7,Exon,,,,,,,,,,,,
18024,1,2017-01-27 11:29:57.681,,,f,f,2017-01-27 11:29:58.157,,daea8eab-1e55-411c-a44c-7e907472a142,,,,daea8eab-1e55-411c-a44c-7e907472a142,Exon,,,,,,,,,,,,
18027,1,2017-01-27 11:29:57.704,,,f,f,2017-01-27 11:29:58.159,,a6f8e862-0ffc-49d6-9f33-2d5c31f8b7e3,,,,a6f8e862-0ffc-49d6-9f33-2d5c31f8b7e3,Exon,,,,,,,,,,,,
18030,1,2017-01-27 11:29:57.732,,,f,f,2017-01-27 11:29:58.162,,2285a5c7-406c-42fc-8a10-441a271da849,,,,2285a5c7-406c-42fc-8a10-441a271da849,Exon,,,,,,,,,,,,
18033,1,2017-01-27 11:29:57.757,,,f,f,2017-01-27 11:29:58.164,,a5d1f445-7c61-4644-abba-7812a4c828f5,,,,a5d1f445-7c61-4644-abba-7812a4c828f5,CDS,,,,,,,,,,,,
18014,2,2017-01-27 11:29:57.782,,,f,f,2017-01-27 11:29:58.206,,GB42148-RA,,,,00e347cf-9406-4bcd-8eb9-708ac660cf9a,Gene,,,,,,,,,,,,
18016,2,2017-01-27 11:29:57.767,,,f,f,2017-01-27 11:29:58.208,,GB42148-RA-00001,,,,b25990c0-2c3e-422b-95af-499d23956690,MRNA,,,,,,,,,,,,
18042,1,2017-01-27 11:30:03.273,,,f,f,2017-01-27 11:30:03.393,,6828cf97-a456-4865-8527-c8351d418957,,,,6828cf97-a456-4865-8527-c8351d418957,Exon,,,,,,,,,,,,
18045,1,2017-01-27 11:30:03.286,,,f,f,2017-01-27 11:30:03.395,,ac1fa2a5-4b9d-4712-a80c-3a97d229c98a,,,,ac1fa2a5-4b9d-4712-a80c-3a97d229c98a,Exon,,,,,,,,,,,,
18048,1,2017-01-27 11:30:03.299,,,f,f,2017-01-27 11:30:03.396,,b6c07af2-6189-4d64-9431-980593f66c06,,,,b6c07af2-6189-4d64-9431-980593f66c06,Exon,,,,,,,,,,,,
18051,1,2017-01-27 11:30:03.312,,,f,f,2017-01-27 11:30:03.397,,736fb64a-5039-4ca2-ac26-2eca9e7f5fae,,,,736fb64a-5039-4ca2-ac26-2eca9e7f5fae,Exon,,,,,,,,,,,,
18054,1,2017-01-27 11:30:03.326,,,f,f,2017-01-27 11:30:03.398,,27b007a3-a3d9-43be-9bae-ab86ae648649,,,,27b007a3-a3d9-43be-9bae-ab86ae648649,Exon,,,,,,,,,,,,
18038,2,2017-01-27 11:30:03.351,,,f,f,2017-01-27 11:30:03.456,,Group1.1c,,,,228df82c-033c-4344-8076-a99570ccfdbe,Gene,,,,,,,,,,,,
18040,2,2017-01-27 11:30:03.345,,,f,f,2017-01-27 11:30:03.457,,Group1.1c-00001,,,,ee0152e4-5aa4-4cd6-a0dd-7f98380928f4,TRNA,,,,,,,,,,,,
17937,1,2017-01-27 11:29:39.652,,,f,f,2017-01-27 11:29:41.829,,b788d8c7-65b6-4835-80bc-b2573adfe262,,,,b788d8c7-65b6-4835-80bc-b2573adfe262,Exon,,,,,,,,,,,,
17940,1,2017-01-27 11:29:39.668,,,f,f,2017-01-27 11:29:41.831,,e661ef8a-5ede-4635-aa21-68716dd99e7f,,,,e661ef8a-5ede-4635-aa21-68716dd99e7f,Exon,,,,,,,,,,,,
17943,1,2017-01-27 11:29:39.685,,,f,f,2017-01-27 11:29:41.833,,b8d0fca8-e086-43d9-980a-6ae5357d8650,,,,b8d0fca8-e086-43d9-980a-6ae5357d8650,Exon,,,,,,,,,,,,
17946,1,2017-01-27 11:29:39.701,,,f,f,2017-01-27 11:29:41.834,,e550cfd5-01b2-4e6d-bb81-6fc330aefd72,,,,e550cfd5-01b2-4e6d-bb81-6fc330aefd72,Exon,,,,,,,,,,,,
17949,1,2017-01-27 11:29:39.716,,,f,f,2017-01-27 11:29:41.836,,24d59100-62dd-4cec-99d3-268aadc6e470,,,,24d59100-62dd-4cec-99d3-268aadc6e470,Exon,,,,,,,,,,,,
17952,1,2017-01-27 11:29:39.731,,,f,f,2017-01-27 11:29:41.838,,fe007319-7eca-482a-9696-f5f051252eac,,,,fe007319-7eca-482a-9696-f5f051252eac,Exon,,,,,,,,,,,,
17955,1,2017-01-27 11:29:39.744,,,f,f,2017-01-27 11:29:41.839,,bc208171-a41e-42d1-9b7a-ce7585e04a71,,,,bc208171-a41e-42d1-9b7a-ce7585e04a71,Exon,,,,,,,,,,,,
17958,1,2017-01-27 11:29:39.758,,,f,f,2017-01-27 11:29:41.841,,d31f53f6-95e5-49e2-9910-18da2a72493a,,,,d31f53f6-95e5-49e2-9910-18da2a72493a,Exon,,,,,,,,,,,,
17961,1,2017-01-27 11:29:39.772,,,f,f,2017-01-27 11:29:41.842,,6a110883-ebac-44b4-bfa7-101fae1c2940,,,,6a110883-ebac-44b4-bfa7-101fae1c2940,Exon,,,,,,,,,,,,
17964,1,2017-01-27 11:29:39.786,,,f,f,2017-01-27 11:29:41.843,,47258b59-678f-4eb8-b857-9044895cb8c6,,,,47258b59-678f-4eb8-b857-9044895cb8c6,Exon,,,,,,,,,,,,
17967,1,2017-01-27 11:29:39.8,,,f,f,2017-01-27 11:29:41.844,,d1627fb9-80a0-4253-99e6-154a0ec6dd48,,,,d1627fb9-80a0-4253-99e6-154a0ec6dd48,Exon,,,,,,,,,,,,
17970,1,2017-01-27 11:29:39.814,,,f,f,2017-01-27 11:29:41.845,,e6e8f3e0-86d3-41fc-97b6-934f69048352,,,,e6e8f3e0-86d3-41fc-97b6-934f69048352,Exon,,,,,,,,,,,,
17973,1,2017-01-27 11:29:39.828,,,f,f,2017-01-27 11:29:41.847,,bac2146e-f0e3-46ba-8091-bfc54b7f2424,,,,bac2146e-f0e3-46ba-8091-bfc54b7f2424,Exon,,,,,,,,,,,,
17976,1,2017-01-27 11:29:39.844,,,f,f,2017-01-27 11:29:41.848,,9b5160e5-2a70-4abc-b7ed-c1dac03e838d,,,,9b5160e5-2a70-4abc-b7ed-c1dac03e838d,Exon,,,,,,,,,,,,
17979,1,2017-01-27 11:29:39.858,,,f,f,2017-01-27 11:29:41.849,,a4b77be4-ced3-4278-9c21-3209b825dee7,,,,a4b77be4-ced3-4278-9c21-3209b825dee7,Exon,,,,,,,,,,,,
17982,1,2017-01-27 11:29:39.874,,,f,f,2017-01-27 11:29:41.85,,5797e11e-298e-4e63-9d65-534303aab610,,,,5797e11e-298e-4e63-9d65-534303aab610,Exon,,,,,,,,,,,,
17985,1,2017-01-27 11:29:39.888,,,f,f,2017-01-27 11:29:41.851,,2adf1dbf-ba50-4367-b916-b8c194e3772b,,,,2adf1dbf-ba50-4367-b916-b8c194e3772b,Exon,,,,,,,,,,,,
17988,1,2017-01-27 11:29:39.903,,,f,f,2017-01-27 11:29:41.853,,55bdd461-989d-42a1-b5b2-a1594202db24,,,,55bdd461-989d-42a1-b5b2-a1594202db24,Exon,,,,,,,,,,,,
17991,1,2017-01-27 11:29:39.918,,,f,f,2017-01-27 11:29:41.854,,f2ebac21-bda0-4d20-a69f-30beac7415e1,,,,f2ebac21-bda0-4d20-a69f-30beac7415e1,Exon,,,,,,,,,,,,
17994,1,2017-01-27 11:29:39.932,,,f,f,2017-01-27 11:29:41.855,,aad64845-42c2-482c-a9dc-98ada0f62583,,,,aad64845-42c2-482c-a9dc-98ada0f62583,Exon,,,,,,,,,,,,
17997,1,2017-01-27 11:29:39.946,,,f,f,2017-01-27 11:29:41.857,,c1ddc855-4f49-4ffa-a7cb-2ddc3ccf86f8,,,,c1ddc855-4f49-4ffa-a7cb-2ddc3ccf86f8,Exon,,,,,,,,,,,,
18000,1,2017-01-27 11:29:39.962,,,f,f,2017-01-27 11:29:41.858,,f66166a9-0691-4960-847a-fe6a0d8bb826,,,,f66166a9-0691-4960-847a-fe6a0d8bb826,Exon,,,,,,,,,,,,
18003,1,2017-01-27 11:29:39.977,,,f,f,2017-01-27 11:29:41.859,,048bd18f-6b51-4a03-864f-9830a84fd084,,,,048bd18f-6b51-4a03-864f-9830a84fd084,Exon,,,,,,,,,,,,
18006,1,2017-01-27 11:29:39.996,,,f,f,2017-01-27 11:29:41.861,,a38c678c-21b1-4485-89c2-96039969ac0f,,,,a38c678c-21b1-4485-89c2-96039969ac0f,Exon,,,,,,,,,,,,
17933,2,2017-01-27 11:29:40.031,,,f,f,2017-01-27 11:29:42.037,,Group1.1a,,,,887efe2f-e002-4fed-9a2a-92a663b90848,Gene,,,,,,,,,,,,
17935,2,2017-01-27 11:29:40.023,,,f,f,2017-01-27 11:29:42.039,,Group1.1a-00001,,,,3ff947dc-afe2-4257-a43b-f15aedfcff68,TRNA,,,,,,,,,,,,
18315,2,2017-01-27 11:44:22.79,,,f,f,2017-01-27 11:44:22.806,,YAL039C-00001,,,,a48cd71f-c582-45fb-8f69-efa642a13527,Gene,,,,,,,,,,,,
18317,2,2017-01-27 11:44:22.786,,,f,f,2017-01-27 11:44:22.807,,YAL039C-00001,,,,f6a4b667-4fb6-41ef-a2aa-c714bc008d88,TRNA,,,,,,,,,,,,
18066,1,2017-01-27 11:30:18.864,,,f,f,2017-01-27 11:30:18.956,,6035c922-49a5-421c-bbbb-eaea942a58e6,,,,6035c922-49a5-421c-bbbb-eaea942a58e6,Exon,,,,,,,,,,,,
18069,1,2017-01-27 11:30:18.88,,,f,f,2017-01-27 11:30:18.958,,b987de59-a55d-43c1-a289-10fe914afbba,,,,b987de59-a55d-43c1-a289-10fe914afbba,Exon,,,,,,,,,,,,
19326,1,2017-01-27 15:12:23.772,,,f,f,2017-01-27 15:12:23.773,,YAR014Ca,,,,cc68fe33-f66f-48a6-9259-114584ab9a69,RepeatRegion,,,,,,,,,,,,
18062,2,2017-01-27 11:30:18.914,,,f,f,2017-01-27 11:30:19.009,,Group1.1d,,,,605b9631-682a-400e-b461-6aae50126388,Gene,,,,,,,,,,,,
18064,2,2017-01-27 11:30:18.904,,,f,f,2017-01-27 11:30:19.011,,Group1.1d-00001,,,,dd643925-7cef-4b9e-9174-393e14996a92,TRNA,,,,,,,,,,,,
18319,1,2017-01-27 11:44:22.783,,,f,f,2017-01-27 11:44:22.795,,ba6eec61-f042-4a38-825d-560e588eaf11,,,,ba6eec61-f042-4a38-825d-560e588eaf11,Exon,,,,,,,,,,,,
18578,1,2017-01-27 12:02:49.533,,,f,f,2017-01-27 12:02:49.558,,1c6511b8-c262-464c-954b-405f158bd64c,,,,1c6511b8-c262-464c-954b-405f158bd64c,Exon,,,,,,,,,,,,
18574,2,2017-01-27 12:02:49.543,,,f,f,2017-01-27 12:02:49.573,,YAL016Wa,,,,de4f389e-27a4-4c2e-a624-10de658c9554,Gene,,,,,,,,,,,,
18576,2,2017-01-27 12:02:49.538,,,f,f,2017-01-27 12:02:49.574,,YAL016Wa-00002,,,,5f5b379b-0ae6-49d6-876f-6c2fc4cb6c5f,SnRNA,,,,,,,,,,,,
19342,1,2017-01-27 15:12:35.395,,,f,f,2017-01-27 15:12:35.403,,ef7dad6a-19df-48fd-b02e-87b3a9d7cdb6,,,,ef7dad6a-19df-48fd-b02e-87b3a9d7cdb6,Exon,,,,,,,,,,,,
19338,2,2017-01-27 15:12:35.399,,,f,f,2017-01-27 15:12:35.416,,YAR014C,,,,05f4b806-f7ef-45de-952a-8582d7c3f808,Gene,,,,,,,,,,,,
19340,2,2017-01-27 15:12:35.397,,,f,f,2017-01-27 15:12:35.417,,YAR014C-00001,,,,e8697d0d-e55d-4084-9137-715afcdbadb6,SnoRNA,,,,,,,,,,,,
18131,2,2017-01-27 11:30:59.325,,,f,f,2017-01-27 11:32:12.453,,2b4874d3-1dc2-4a77-be1e-819c2df22d49,,,,2b4874d3-1dc2-4a77-be1e-819c2df22d49,CDS,,,,,,,,,,,,
18115,4,2017-01-27 11:30:59.338,,,f,f,2017-01-27 11:32:12.572,,GB42183-RA,,,,118842f6-69fc-4bb2-887b-09c68595ed65,Gene,,,,,,,,,,,,
18117,6,2017-01-27 11:30:59.331,,,f,f,2017-01-27 11:32:12.626,,GB42183-RAa-00001,,,,6275c144-c9f8-4b6b-a843-7f2714c09527,MRNA,,,,,,,,,,,,
18140,1,2017-01-27 11:31:02.68,,,f,f,2017-01-27 11:31:02.801,,31585251-c31e-41ff-9ed3-4385bb421c63,,,,31585251-c31e-41ff-9ed3-4385bb421c63,Exon,,,,,,,,,,,,
18143,1,2017-01-27 11:31:02.698,,,f,f,2017-01-27 11:31:02.803,,121a47e1-876a-4a63-b148-e7b20067321b,,,,121a47e1-876a-4a63-b148-e7b20067321b,Exon,,,,,,,,,,,,
18146,1,2017-01-27 11:31:02.719,,,f,f,2017-01-27 11:31:02.804,,2a1d8f58-20d3-4474-96eb-b6c8c17e41ce,,,,2a1d8f58-20d3-4474-96eb-b6c8c17e41ce,Exon,,,,,,,,,,,,
18149,1,2017-01-27 11:31:02.735,,,f,f,2017-01-27 11:31:02.805,,fd8384bf-a2cf-4194-8c93-c49d019b7f38,,,,fd8384bf-a2cf-4194-8c93-c49d019b7f38,Exon,,,,,,,,,,,,
18136,2,2017-01-27 11:31:02.769,,,f,f,2017-01-27 11:31:02.852,,Group1.1,,,,044cc3f2-ad5b-45bc-ae95-ad2424aceb7b,Pseudogene,,,,,,,,,,,,
18138,2,2017-01-27 11:31:02.761,,,f,f,2017-01-27 11:31:02.855,,Group1.1-00001,,,,dcf021f6-79c7-49a6-90c5-a3a7f7bcd562,Transcript,,,,,,,,,,,,
18855,1,2017-01-27 12:26:10.166,,,f,f,2017-01-27 12:26:10.17,,YAL014Ca,,,,eda78e81-5f28-455c-a0ee-ffdf92a5a38d,RepeatRegion,,,,,,,,,,,,
18125,1,2017-01-27 11:30:59.293,,,f,f,2017-01-27 11:30:59.434,,978a7239-0295-4c15-b1c9-eb668138808b,,,,978a7239-0295-4c15-b1c9-eb668138808b,Exon,,,,,,,,,,,,
18128,1,2017-01-27 11:30:59.31,,,f,f,2017-01-27 11:30:59.435,,3db8fb84-273c-453c-9e2b-1d3758aa9f09,,,,3db8fb84-273c-453c-9e2b-1d3758aa9f09,Exon,,,,,,,,,,,,
18598,1,2017-01-27 12:03:24.585,,,f,f,2017-01-27 12:03:24.611,,4a467dc7-12b4-4b48-ab89-416b80f27805,,,,4a467dc7-12b4-4b48-ab89-416b80f27805,Exon,,,,,,,,,,,,
18591,2,2017-01-27 12:03:24.595,,,f,f,2017-01-27 12:03:24.627,,YAL016W,,,,1f5fd219-66e0-450e-b881-86716f68a229,Gene,,,,,,,,,,,,
18593,2,2017-01-27 12:03:24.59,,,f,f,2017-01-27 12:03:24.628,,YAL016W-00002,,,,7be695ad-03c7-4ebf-9cb3-9298e13dd08b,NcRNA,,,,,,,,,,,,
18161,1,2017-01-27 11:31:06.87,,,f,f,2017-01-27 11:31:07.005,,6ee61409-29c0-4a80-b6ab-27bf9120a78c,,,,6ee61409-29c0-4a80-b6ab-27bf9120a78c,Exon,,,,,,,,,,,,
18164,1,2017-01-27 11:31:06.885,,,f,f,2017-01-27 11:31:07.007,,c03eef1b-99d2-4969-936f-037cd4729f97,,,,c03eef1b-99d2-4969-936f-037cd4729f97,Exon,,,,,,,,,,,,
18167,1,2017-01-27 11:31:06.898,,,f,f,2017-01-27 11:31:07.008,,354b7cbc-7b6d-45be-ab7f-ebb19e30b42f,,,,354b7cbc-7b6d-45be-ab7f-ebb19e30b42f,Exon,,,,,,,,,,,,
18170,1,2017-01-27 11:31:06.913,,,f,f,2017-01-27 11:31:07.01,,62f50810-008e-446e-b6e5-576c2292e789,,,,62f50810-008e-446e-b6e5-576c2292e789,Exon,,,,,,,,,,,,
18157,2,2017-01-27 11:31:06.944,,,f,f,2017-01-27 11:31:07.106,,Group1.1e,,,,ec60672a-d3b4-49c7-9320-278e2823a010,Gene,,,,,,,,,,,,
18159,2,2017-01-27 11:31:06.935,,,f,f,2017-01-27 11:31:07.108,,Group1.1e-00001,,,,78a8447c-08bc-4333-88ab-22c0921d7f6d,RRNA,,,,,,,,,,,,
